datetime,pm25
2016-11-09 23:00:00+05:30,270.0
2016-11-10 00:00:00+05:30,297.0
2016-11-10 01:00:00+05:30,306.5
2016-11-10 02:00:00+05:30,308.7
2016-11-10 03:00:00+05:30,315.3
2016-11-10 04:00:00+05:30,330.2
2016-11-10 05:00:00+05:30,333.6
2016-11-10 06:00:00+05:30,299.8
2016-11-10 07:00:00+05:30,274.8
2016-11-10 08:00:00+05:30,249.3
2016-11-10 09:00:00+05:30,221.9
2016-11-10 10:00:00+05:30,218.4
2016-11-10 11:00:00+05:30,218.3
2016-11-10 12:00:00+05:30,240.9
2016-11-10 13:00:00+05:30,266.5
2016-11-10 14:00:00+05:30,274.3
2016-11-10 15:00:00+05:30,208.3
2016-11-10 16:00:00+05:30,201.0
2016-11-10 17:00:00+05:30,179.3
2016-11-10 18:00:00+05:30,188.1
2016-11-10 19:00:00+05:30,208.1
2016-11-10 20:00:00+05:30,227.0
2016-11-10 21:00:00+05:30,232.5
2016-11-10 22:00:00+05:30,240.7
2016-11-10 23:00:00+05:30,265.8
2016-11-11 00:00:00+05:30,287.9
2016-11-11 01:00:00+05:30,321.4
2016-11-11 02:00:00+05:30,334.2
2016-11-11 03:00:00+05:30,329.1
2016-11-11 04:00:00+05:30,309.5
2016-11-11 05:00:00+05:30,299.7
2016-11-11 06:00:00+05:30,302.0
2016-11-11 07:00:00+05:30,304.4
2016-11-11 08:00:00+05:30,309.4
2016-11-11 09:00:00+05:30,333.6
2016-11-11 10:00:00+05:30,357.4
2016-11-11 11:00:00+05:30,351.0
2016-11-11 12:00:00+05:30,331.1
2016-11-11 13:00:00+05:30,258.6
2016-11-11 14:00:00+05:30,226.8
2016-11-11 15:00:00+05:30,205.3
2016-11-11 16:00:00+05:30,190.6
2016-11-11 17:00:00+05:30,183.8
2016-11-11 18:00:00+05:30,190.4
2016-11-11 19:00:00+05:30,197.6
2016-11-11 20:00:00+05:30,208.3
2016-11-11 21:00:00+05:30,224.1
2016-11-11 22:00:00+05:30,233.4
2016-11-11 23:00:00+05:30,232.7
2016-11-12 00:00:00+05:30,241.3
2016-11-12 01:00:00+05:30,249.5
2016-11-12 02:00:00+05:30,265.5
2016-11-12 03:00:00+05:30,280.3
2016-11-12 04:00:00+05:30,289.5
2016-11-12 05:00:00+05:30,295.6
2016-11-12 06:00:00+05:30,299.6
2016-11-12 07:00:00+05:30,301.0
2016-11-12 08:00:00+05:30,299.0
2016-11-12 09:00:00+05:30,308.9
2016-11-12 10:00:00+05:30,309.4
2016-11-12 11:00:00+05:30,
2016-11-12 12:00:00+05:30,
2016-11-12 13:00:00+05:30,194.5
2016-11-12 14:00:00+05:30,171.0
2016-11-12 15:00:00+05:30,166.8
2016-11-12 16:00:00+05:30,184.8
2016-11-12 17:00:00+05:30,181.3
2016-11-12 18:00:00+05:30,181.1
2016-11-12 19:00:00+05:30,190.0
2016-11-12 20:00:00+05:30,202.5
2016-11-12 21:00:00+05:30,203.1
2016-11-12 22:00:00+05:30,207.8
2016-11-12 23:00:00+05:30,216.0
2016-11-13 00:00:00+05:30,220.3
2016-11-13 01:00:00+05:30,224.1
2016-11-13 02:00:00+05:30,228.0
2016-11-13 03:00:00+05:30,224.7
2016-11-13 04:00:00+05:30,218.2
2016-11-13 05:00:00+05:30,206.7
2016-11-13 06:00:00+05:30,194.2
2016-11-13 07:00:00+05:30,191.4
2016-11-13 08:00:00+05:30,202.8
2016-11-13 09:00:00+05:30,242.8
2016-11-13 10:00:00+05:30,237.3
2016-11-13 11:00:00+05:30,195.8
2016-11-13 12:00:00+05:30,164.5
2016-11-13 13:00:00+05:30,147.2
2016-11-13 14:00:00+05:30,119.6
2016-11-13 15:00:00+05:30,108.2
2016-11-13 16:00:00+05:30,104.1
2016-11-13 17:00:00+05:30,104.0
2016-11-13 18:00:00+05:30,119.0
2016-11-13 19:00:00+05:30,128.5
2016-11-13 20:00:00+05:30,144.2
2016-11-13 21:00:00+05:30,158.1
2016-11-13 22:00:00+05:30,163.0
2016-11-13 23:00:00+05:30,174.7
2016-11-14 00:00:00+05:30,191.3
2016-11-14 01:00:00+05:30,191.2
2016-11-14 02:00:00+05:30,191.1
2016-11-14 03:00:00+05:30,184.5
2016-11-14 04:00:00+05:30,181.7
2016-11-14 05:00:00+05:30,182.8
2016-11-14 06:00:00+05:30,187.0
2016-11-14 07:00:00+05:30,186.3
2016-11-14 08:00:00+05:30,199.0
2016-11-14 09:00:00+05:30,209.8
2016-11-14 10:00:00+05:30,212.0
2016-11-14 11:00:00+05:30,210.2
2016-11-14 12:00:00+05:30,207.6
2016-11-14 13:00:00+05:30,191.7
2016-11-14 14:00:00+05:30,156.8
2016-11-14 15:00:00+05:30,131.1
2016-11-14 16:00:00+05:30,121.0
2016-11-14 17:00:00+05:30,106.5
2016-11-14 18:00:00+05:30,105.2
2016-11-14 19:00:00+05:30,109.1
2016-11-14 20:00:00+05:30,117.0
2016-11-14 21:00:00+05:30,131.0
2016-11-14 22:00:00+05:30,144.4
2016-11-14 23:00:00+05:30,159.2
2016-11-15 00:00:00+05:30,168.4
2016-11-15 01:00:00+05:30,176.5
2016-11-15 02:00:00+05:30,192.2
2016-11-15 03:00:00+05:30,193.1
2016-11-15 04:00:00+05:30,195.5
2016-11-15 05:00:00+05:30,195.8
2016-11-15 06:00:00+05:30,203.2
2016-11-15 07:00:00+05:30,219.2
2016-11-15 08:00:00+05:30,248.1
2016-11-15 09:00:00+05:30,311.4
2016-11-15 10:00:00+05:30,347.2
2016-11-15 11:00:00+05:30,339.1
2016-11-15 12:00:00+05:30,289.5
2016-11-15 13:00:00+05:30,243.6
2016-11-15 14:00:00+05:30,175.8
2016-11-15 15:00:00+05:30,134.4
2016-11-15 16:00:00+05:30,119.7
2016-11-15 17:00:00+05:30,108.3
2016-11-15 18:00:00+05:30,115.1
2016-11-15 19:00:00+05:30,124.0
2016-11-15 20:00:00+05:30,147.0
2016-11-15 21:00:00+05:30,183.9
2016-11-15 22:00:00+05:30,233.9
2016-11-15 23:00:00+05:30,272.9
2016-11-16 00:00:00+05:30,300.5
2016-11-16 01:00:00+05:30,315.7
2016-11-16 02:00:00+05:30,335.9
2016-11-16 03:00:00+05:30,342.4
2016-11-16 04:00:00+05:30,343.7
2016-11-16 05:00:00+05:30,336.9
2016-11-16 06:00:00+05:30,331.9
2016-11-16 07:00:00+05:30,324.5
2016-11-16 08:00:00+05:30,331.1
2016-11-16 09:00:00+05:30,326.0
2016-11-16 10:00:00+05:30,317.9
2016-11-16 11:00:00+05:30,300.1
2016-11-16 12:00:00+05:30,258.1
2016-11-16 13:00:00+05:30,209.7
2016-11-16 14:00:00+05:30,177.3
2016-11-16 15:00:00+05:30,141.1
2016-11-16 16:00:00+05:30,117.0
2016-11-16 17:00:00+05:30,106.4
2016-11-16 18:00:00+05:30,108.7
2016-11-16 19:00:00+05:30,124.8
2016-11-16 20:00:00+05:30,134.3
2016-11-16 21:00:00+05:30,155.1
2016-11-16 22:00:00+05:30,192.5
2016-11-16 23:00:00+05:30,225.2
2016-11-17 00:00:00+05:30,272.6
2016-11-17 01:00:00+05:30,297.3
2016-11-17 02:00:00+05:30,308.6
2016-11-17 03:00:00+05:30,294.8
2016-11-17 04:00:00+05:30,277.9
2016-11-17 05:00:00+05:30,257.9
2016-11-17 06:00:00+05:30,242.5
2016-11-17 07:00:00+05:30,246.7
2016-11-17 08:00:00+05:30,252.0
2016-11-17 09:00:00+05:30,253.7
2016-11-17 10:00:00+05:30,252.1
2016-11-17 11:00:00+05:30,236.5
2016-11-17 12:00:00+05:30,236.2
2016-11-17 13:00:00+05:30,196.5
2016-11-17 14:00:00+05:30,
2016-11-17 15:00:00+05:30,117.1
2016-11-17 16:00:00+05:30,98.0
2016-11-17 17:00:00+05:30,95.8
2016-11-17 18:00:00+05:30,95.3
2016-11-17 19:00:00+05:30,104.3
2016-11-17 20:00:00+05:30,131.9
2016-11-17 21:00:00+05:30,155.0
2016-11-17 22:00:00+05:30,182.0
2016-11-17 23:00:00+05:30,198.5
2016-11-18 00:00:00+05:30,214.7
2016-11-18 01:00:00+05:30,216.4
2016-11-18 02:00:00+05:30,222.2
2016-11-18 03:00:00+05:30,233.6
2016-11-18 04:00:00+05:30,254.3
2016-11-18 05:00:00+05:30,244.1
2016-11-18 06:00:00+05:30,230.6
2016-11-18 07:00:00+05:30,225.7
2016-11-18 08:00:00+05:30,231.8
2016-11-18 09:00:00+05:30,234.1
2016-11-18 10:00:00+05:30,234.3
2016-11-18 11:00:00+05:30,
2016-11-18 12:00:00+05:30,
2016-11-18 13:00:00+05:30,
2016-11-18 14:00:00+05:30,
2016-11-18 15:00:00+05:30,
2016-11-18 16:00:00+05:30,89.9
2016-11-18 17:00:00+05:30,102.8
2016-11-18 18:00:00+05:30,111.7
2016-11-18 19:00:00+05:30,126.5
2016-11-18 20:00:00+05:30,146.7
2016-11-18 21:00:00+05:30,181.7
2016-11-18 22:00:00+05:30,207.5
2016-11-18 23:00:00+05:30,225.8
2016-11-19 00:00:00+05:30,243.4
2016-11-19 01:00:00+05:30,272.7
2016-11-19 02:00:00+05:30,290.4
2016-11-19 03:00:00+05:30,317.2
2016-11-19 04:00:00+05:30,326.1
2016-11-19 05:00:00+05:30,309.5
2016-11-19 06:00:00+05:30,257.8
2016-11-19 07:00:00+05:30,219.9
2016-11-19 08:00:00+05:30,194.4
2016-11-19 09:00:00+05:30,185.2
2016-11-19 10:00:00+05:30,183.1
2016-11-19 11:00:00+05:30,179.0
2016-11-19 12:00:00+05:30,165.0
2016-11-19 13:00:00+05:30,147.9
2016-11-19 14:00:00+05:30,127.9
2016-11-19 15:00:00+05:30,118.4
2016-11-19 16:00:00+05:30,113.1
2016-11-19 17:00:00+05:30,111.6
2016-11-19 18:00:00+05:30,122.4
2016-11-19 19:00:00+05:30,128.2
2016-11-19 20:00:00+05:30,180.5
2016-11-19 21:00:00+05:30,188.7
2016-11-19 22:00:00+05:30,196.3
2016-11-19 23:00:00+05:30,200.6
2016-11-20 00:00:00+05:30,212.3
2016-11-20 01:00:00+05:30,236.1
2016-11-20 02:00:00+05:30,250.1
2016-11-20 03:00:00+05:30,257.5
2016-11-20 04:00:00+05:30,262.3
2016-11-20 05:00:00+05:30,267.1
2016-11-20 06:00:00+05:30,269.5
2016-11-20 07:00:00+05:30,265.7
2016-11-20 08:00:00+05:30,277.5
2016-11-20 09:00:00+05:30,290.0
2016-11-20 10:00:00+05:30,271.8
2016-11-20 11:00:00+05:30,250.0
2016-11-20 12:00:00+05:30,194.1
2016-11-20 13:00:00+05:30,171.5
2016-11-20 14:00:00+05:30,166.7
2016-11-20 15:00:00+05:30,149.3
2016-11-20 16:00:00+05:30,141.6
2016-11-20 17:00:00+05:30,136.3
2016-11-20 18:00:00+05:30,140.1
2016-11-20 19:00:00+05:30,155.5
2016-11-20 20:00:00+05:30,166.7
2016-11-20 21:00:00+05:30,169.7
2016-11-20 22:00:00+05:30,180.2
2016-11-20 23:00:00+05:30,186.4
2016-11-21 00:00:00+05:30,204.5
2016-11-21 01:00:00+05:30,232.9
2016-11-21 02:00:00+05:30,249.7
2016-11-21 03:00:00+05:30,262.4
2016-11-21 04:00:00+05:30,267.7
2016-11-21 05:00:00+05:30,272.8
2016-11-21 06:00:00+05:30,272.6
2016-11-21 07:00:00+05:30,322.6
2016-11-21 08:00:00+05:30,318.3
2016-11-21 09:00:00+05:30,290.9
2016-11-21 10:00:00+05:30,249.5
2016-11-21 11:00:00+05:30,212.6
2016-11-21 12:00:00+05:30,180.3
2016-11-21 13:00:00+05:30,140.1
2016-11-21 14:00:00+05:30,113.5
2016-11-21 15:00:00+05:30,95.7
2016-11-21 16:00:00+05:30,84.8
2016-11-21 17:00:00+05:30,82.4
2016-11-21 18:00:00+05:30,99.1
2016-11-21 19:00:00+05:30,113.5
2016-11-21 20:00:00+05:30,121.7
2016-11-21 21:00:00+05:30,140.8
2016-11-21 22:00:00+05:30,225.9
2016-11-21 23:00:00+05:30,213.4
2016-11-22 00:00:00+05:30,190.2
2016-11-22 01:00:00+05:30,170.1
2016-11-22 02:00:00+05:30,169.0
2016-11-22 03:00:00+05:30,172.5
2016-11-22 04:00:00+05:30,164.7
2016-11-22 05:00:00+05:30,141.3
2016-11-22 06:00:00+05:30,133.6
2016-11-22 07:00:00+05:30,132.3
2016-11-22 08:00:00+05:30,130.1
2016-11-22 09:00:00+05:30,118.5
2016-11-22 10:00:00+05:30,103.2
2016-11-22 11:00:00+05:30,88.1
2016-11-22 12:00:00+05:30,82.0
2016-11-22 13:00:00+05:30,77.5
2016-11-22 14:00:00+05:30,70.2
2016-11-22 15:00:00+05:30,55.1
2016-11-22 16:00:00+05:30,49.5
2016-11-22 17:00:00+05:30,52.2
2016-11-22 18:00:00+05:30,63.6
2016-11-22 19:00:00+05:30,72.8
2016-11-22 20:00:00+05:30,89.4
2016-11-22 21:00:00+05:30,101.2
2016-11-22 22:00:00+05:30,118.1
2016-11-22 23:00:00+05:30,129.5
2016-11-23 00:00:00+05:30,138.2
2016-11-23 01:00:00+05:30,144.1
2016-11-23 02:00:00+05:30,147.5
2016-11-23 03:00:00+05:30,152.3
2016-11-23 04:00:00+05:30,152.6
2016-11-23 05:00:00+05:30,143.3
2016-11-23 06:00:00+05:30,132.8
2016-11-23 07:00:00+05:30,138.3
2016-11-23 08:00:00+05:30,146.6
2016-11-23 09:00:00+05:30,151.0
2016-11-23 10:00:00+05:30,150.5
2016-11-23 11:00:00+05:30,145.9
2016-11-23 12:00:00+05:30,141.6
2016-11-23 13:00:00+05:30,137.0
2016-11-23 14:00:00+05:30,134.5
2016-11-23 15:00:00+05:30,117.7
2016-11-23 16:00:00+05:30,109.7
2016-11-23 17:00:00+05:30,104.9
2016-11-23 18:00:00+05:30,115.8
2016-11-23 19:00:00+05:30,148.0
2016-11-23 20:00:00+05:30,181.2
2016-11-23 21:00:00+05:30,182.6
2016-11-23 22:00:00+05:30,179.3
2016-11-23 23:00:00+05:30,183.1
2016-11-24 00:00:00+05:30,190.0
2016-11-24 01:00:00+05:30,204.5
2016-11-24 02:00:00+05:30,242.7
2016-11-24 03:00:00+05:30,265.4
2016-11-24 04:00:00+05:30,261.2
2016-11-24 05:00:00+05:30,243.6
2016-11-25 06:00:00+05:30,121.5
2016-11-25 07:00:00+05:30,124.0
2016-11-25 08:00:00+05:30,133.1
2016-11-25 09:00:00+05:30,137.6
2016-11-25 10:00:00+05:30,135.4
2016-11-25 11:00:00+05:30,129.2
2016-11-25 12:00:00+05:30,100.2
2016-11-25 13:00:00+05:30,82.9
2016-11-25 14:00:00+05:30,65.4
2016-11-25 15:00:00+05:30,56.7
2016-11-25 16:00:00+05:30,51.3
2016-11-25 17:00:00+05:30,52.1
2016-11-25 18:00:00+05:30,53.5
2016-11-25 19:00:00+05:30,59.2
2016-11-25 20:00:00+05:30,74.6
2016-11-25 21:00:00+05:30,80.3
2016-11-25 22:00:00+05:30,83.1
2016-11-25 23:00:00+05:30,88.5
2016-11-26 00:00:00+05:30,85.7
2016-11-26 01:00:00+05:30,83.8
2016-11-26 02:00:00+05:30,83.4
2016-11-26 03:00:00+05:30,80.2
2016-11-26 04:00:00+05:30,80.3
2016-11-26 05:00:00+05:30,81.1
2016-11-26 06:00:00+05:30,82.9
2016-11-26 07:00:00+05:30,85.1
2016-11-26 08:00:00+05:30,87.1
2016-11-26 09:00:00+05:30,88.8
2016-11-26 10:00:00+05:30,92.4
2016-11-26 11:00:00+05:30,91.5
2016-11-26 12:00:00+05:30,85.4
2016-11-26 13:00:00+05:30,74.0
2016-11-26 14:00:00+05:30,61.9
2016-11-26 15:00:00+05:30,56.3
2016-11-26 16:00:00+05:30,51.5
2016-11-26 17:00:00+05:30,48.7
2016-11-26 18:00:00+05:30,51.3
2016-11-26 19:00:00+05:30,70.1
2016-11-26 20:00:00+05:30,90.5
2016-11-26 21:00:00+05:30,105.3
2016-11-26 22:00:00+05:30,104.6
2016-11-26 23:00:00+05:30,113.3
2016-11-27 00:00:00+05:30,122.1
2016-11-27 01:00:00+05:30,123.0
2016-11-27 02:00:00+05:30,115.5
2016-11-27 03:00:00+05:30,123.7
2016-11-27 04:00:00+05:30,124.4
2016-11-27 05:00:00+05:30,118.7
2016-11-27 06:00:00+05:30,118.7
2016-11-27 07:00:00+05:30,123.3
2016-11-27 08:00:00+05:30,134.2
2016-11-27 09:00:00+05:30,140.0
2016-11-27 10:00:00+05:30,140.9
2016-11-27 11:00:00+05:30,135.9
2016-11-27 12:00:00+05:30,129.8
2016-11-27 13:00:00+05:30,114.8
2016-11-27 14:00:00+05:30,79.8
2016-11-27 15:00:00+05:30,55.4
2016-11-27 16:00:00+05:30,45.1
2016-11-27 17:00:00+05:30,43.0
2016-11-27 18:00:00+05:30,50.5
2016-11-27 19:00:00+05:30,64.7
2016-11-27 20:00:00+05:30,69.3
2016-11-27 21:00:00+05:30,64.6
2016-11-27 22:00:00+05:30,66.3
2016-11-27 23:00:00+05:30,64.6
2016-11-28 00:00:00+05:30,65.8
2016-11-28 01:00:00+05:30,67.9
2016-11-28 02:00:00+05:30,68.4
2016-11-28 03:00:00+05:30,72.2
2016-11-28 04:00:00+05:30,85.6
2016-11-28 05:00:00+05:30,78.7
2016-11-28 06:00:00+05:30,72.0
2016-11-28 07:00:00+05:30,76.3
2016-11-28 08:00:00+05:30,83.3
2016-11-28 09:00:00+05:30,88.2
2016-11-28 10:00:00+05:30,91.5
2016-11-28 11:00:00+05:30,89.8
2016-11-28 12:00:00+05:30,91.4
2016-11-28 13:00:00+05:30,74.7
2016-11-28 14:00:00+05:30,57.5
2016-11-28 15:00:00+05:30,47.2
2016-11-28 16:00:00+05:30,42.1
2016-11-28 17:00:00+05:30,41.0
2016-11-28 18:00:00+05:30,49.5
2016-11-28 19:00:00+05:30,65.2
2016-11-28 20:00:00+05:30,86.1
2016-11-28 21:00:00+05:30,108.0
2016-11-28 22:00:00+05:30,145.5
2016-11-28 23:00:00+05:30,168.7
2016-11-29 00:00:00+05:30,184.4
2016-11-29 01:00:00+05:30,195.7
2016-11-29 02:00:00+05:30,197.3
2016-11-29 03:00:00+05:30,198.7
2016-11-29 04:00:00+05:30,188.8
2016-11-29 05:00:00+05:30,176.9
2016-11-29 06:00:00+05:30,164.9
2016-11-29 07:00:00+05:30,159.0
2016-11-29 08:00:00+05:30,157.7
2016-11-29 09:00:00+05:30,149.3
2016-11-29 10:00:00+05:30,150.9
2016-11-29 11:00:00+05:30,144.4
2016-11-29 12:00:00+05:30,133.0
2016-11-29 13:00:00+05:30,140.6
2016-11-29 14:00:00+05:30,151.5
2016-11-29 15:00:00+05:30,175.7
2016-11-29 16:00:00+05:30,187.7
2016-11-29 17:00:00+05:30,173.0
2016-11-29 18:00:00+05:30,164.9
2016-11-29 19:00:00+05:30,153.9
2016-11-29 20:00:00+05:30,154.4
2016-11-29 21:00:00+05:30,163.5
2016-11-29 22:00:00+05:30,189.4
2016-11-29 23:00:00+05:30,233.6
2016-11-30 00:00:00+05:30,256.3
2016-11-30 01:00:00+05:30,266.1
2016-11-30 02:00:00+05:30,273.6
2016-11-30 03:00:00+05:30,279.8
2016-11-30 04:00:00+05:30,276.9
2016-11-30 05:00:00+05:30,274.9
2016-11-30 06:00:00+05:30,275.0
2016-11-30 07:00:00+05:30,
2016-11-30 08:00:00+05:30,
2016-11-30 09:00:00+05:30,231.8
2016-11-30 10:00:00+05:30,224.0
2016-11-30 11:00:00+05:30,232.4
2016-11-30 12:00:00+05:30,244.4
2016-11-30 13:00:00+05:30,242.1
2016-11-30 14:00:00+05:30,237.9
2016-11-30 15:00:00+05:30,226.9
2016-11-30 16:00:00+05:30,220.9
2016-11-30 17:00:00+05:30,218.4
2016-11-30 18:00:00+05:30,223.1
2016-11-30 19:00:00+05:30,231.2
2016-11-30 20:00:00+05:30,243.1
2016-11-30 21:00:00+05:30,258.1
2016-11-30 22:00:00+05:30,265.9
2016-11-30 23:00:00+05:30,270.3
2016-12-01 00:00:00+05:30,268.4
2016-12-01 01:00:00+05:30,271.4
2016-12-01 02:00:00+05:30,277.0
2016-12-01 03:00:00+05:30,289.6
2016-12-01 04:00:00+05:30,294.7
2016-12-01 05:00:00+05:30,294.5
2016-12-01 06:00:00+05:30,293.9
2016-12-01 07:00:00+05:30,291.2
2016-12-01 08:00:00+05:30,290.4
2016-12-01 09:00:00+05:30,293.2
2016-12-01 10:00:00+05:30,282.6
2016-12-01 11:00:00+05:30,271.1
2016-12-01 12:00:00+05:30,273.1
2016-12-01 13:00:00+05:30,249.3
2016-12-01 14:00:00+05:30,235.8
2016-12-01 15:00:00+05:30,247.6
2016-12-01 16:00:00+05:30,223.1
2016-12-01 17:00:00+05:30,241.7
2016-12-01 18:00:00+05:30,267.8
2016-12-01 19:00:00+05:30,288.1
2016-12-01 20:00:00+05:30,289.3
2016-12-01 21:00:00+05:30,294.5
2016-12-01 22:00:00+05:30,293.9
2016-12-01 23:00:00+05:30,287.4
2016-12-02 00:00:00+05:30,281.9
2016-12-02 01:00:00+05:30,284.0
2016-12-02 02:00:00+05:30,300.0
2016-12-02 03:00:00+05:30,314.3
2016-12-02 04:00:00+05:30,307.9
2016-12-02 05:00:00+05:30,315.3
2016-12-02 06:00:00+05:30,324.1
2016-12-02 07:00:00+05:30,316.2
2016-12-02 08:00:00+05:30,307.1
2016-12-02 09:00:00+05:30,295.4
2016-12-02 10:00:00+05:30,284.8
2016-12-02 11:00:00+05:30,287.3
2016-12-02 12:00:00+05:30,287.8
2016-12-02 13:00:00+05:30,276.8
2016-12-02 14:00:00+05:30,248.1
2016-12-02 15:00:00+05:30,243.6
2016-12-02 16:00:00+05:30,246.0
2016-12-02 17:00:00+05:30,251.8
2016-12-02 18:00:00+05:30,259.4
2016-12-02 19:00:00+05:30,268.2
2016-12-02 20:00:00+05:30,268.7
2016-12-02 21:00:00+05:30,267.4
2016-12-02 22:00:00+05:30,266.4
2016-12-02 23:00:00+05:30,270.0
2016-12-03 00:00:00+05:30,270.1
2016-12-03 01:00:00+05:30,270.5
2016-12-03 02:00:00+05:30,264.7
2016-12-03 03:00:00+05:30,254.2
2016-12-03 04:00:00+05:30,235.9
2016-12-03 05:00:00+05:30,223.9
2016-12-03 06:00:00+05:30,216.1
2016-12-03 07:00:00+05:30,209.8
2016-12-03 08:00:00+05:30,206.2
2016-12-03 09:00:00+05:30,207.2
2016-12-03 10:00:00+05:30,196.8
2016-12-03 11:00:00+05:30,177.5
2016-12-03 12:00:00+05:30,146.9
2016-12-03 13:00:00+05:30,117.4
2016-12-03 14:00:00+05:30,102.7
2016-12-03 15:00:00+05:30,91.3
2016-12-03 16:00:00+05:30,89.1
2016-12-03 17:00:00+05:30,86.5
2016-12-03 18:00:00+05:30,96.7
2016-12-03 19:00:00+05:30,117.8
2016-12-03 20:00:00+05:30,126.9
2016-12-03 21:00:00+05:30,139.9
2016-12-03 22:00:00+05:30,176.4
2016-12-03 23:00:00+05:30,214.2
2016-12-04 00:00:00+05:30,203.6
2016-12-04 01:00:00+05:30,195.3
2016-12-04 02:00:00+05:30,200.1
2016-12-04 03:00:00+05:30,202.6
2016-12-04 04:00:00+05:30,201.3
2016-12-04 05:00:00+05:30,195.6
2016-12-04 06:00:00+05:30,190.5
2016-12-04 07:00:00+05:30,187.0
2016-12-04 08:00:00+05:30,181.9
2016-12-04 09:00:00+05:30,159.8
2016-12-04 10:00:00+05:30,138.7
2016-12-04 11:00:00+05:30,125.1
2016-12-04 12:00:00+05:30,115.5
2016-12-04 13:00:00+05:30,105.3
2016-12-04 14:00:00+05:30,99.1
2016-12-04 15:00:00+05:30,96.0
2016-12-04 16:00:00+05:30,89.0
2016-12-04 17:00:00+05:30,94.4
2016-12-04 18:00:00+05:30,106.7
2016-12-04 19:00:00+05:30,117.3
2016-12-04 20:00:00+05:30,129.3
2016-12-04 21:00:00+05:30,154.0
2016-12-04 22:00:00+05:30,195.0
2016-12-04 23:00:00+05:30,227.5
2016-12-05 00:00:00+05:30,249.2
2016-12-05 01:00:00+05:30,252.6
2016-12-05 02:00:00+05:30,252.8
2016-12-05 03:00:00+05:30,245.4
2016-12-05 04:00:00+05:30,231.2
2016-12-05 05:00:00+05:30,212.6
2016-12-05 06:00:00+05:30,200.8
2016-12-05 07:00:00+05:30,193.8
2016-12-05 08:00:00+05:30,188.6
2016-12-05 09:00:00+05:30,169.4
2016-12-05 10:00:00+05:30,159.9
2016-12-05 11:00:00+05:30,155.4
2016-12-05 12:00:00+05:30,152.9
2016-12-05 13:00:00+05:30,138.9
2016-12-05 14:00:00+05:30,140.0
2016-12-05 15:00:00+05:30,
2016-12-05 16:00:00+05:30,98.6
2016-12-05 17:00:00+05:30,83.3
2016-12-05 18:00:00+05:30,93.4
2016-12-05 19:00:00+05:30,106.4
2016-12-05 20:00:00+05:30,122.8
2016-12-05 21:00:00+05:30,136.4
2016-12-05 22:00:00+05:30,151.2
2016-12-05 23:00:00+05:30,168.6
2016-12-06 00:00:00+05:30,175.3
2016-12-06 01:00:00+05:30,177.6
2016-12-06 02:00:00+05:30,166.8
2016-12-06 03:00:00+05:30,164.4
2016-12-06 04:00:00+05:30,163.2
2016-12-06 05:00:00+05:30,161.1
2016-12-06 06:00:00+05:30,164.2
2016-12-06 07:00:00+05:30,165.0
2016-12-06 08:00:00+05:30,167.3
2016-12-06 09:00:00+05:30,179.7
2016-12-06 10:00:00+05:30,195.6
2016-12-06 11:00:00+05:30,232.3
2016-12-06 12:00:00+05:30,289.8
2016-12-06 13:00:00+05:30,377.4
2016-12-06 14:00:00+05:30,419.2
2016-12-06 15:00:00+05:30,424.1
2016-12-06 16:00:00+05:30,425.6
2016-12-06 17:00:00+05:30,420.8
2016-12-06 18:00:00+05:30,415.9
2016-12-06 19:00:00+05:30,411.0
2016-12-06 20:00:00+05:30,396.5
2016-12-06 21:00:00+05:30,382.2
2016-12-06 22:00:00+05:30,375.0
2016-12-06 23:00:00+05:30,376.1
2016-12-07 00:00:00+05:30,370.7
2016-12-07 01:00:00+05:30,359.4
2016-12-07 02:00:00+05:30,346.3
2016-12-07 03:00:00+05:30,295.2
2016-12-07 04:00:00+05:30,244.9
2016-12-07 05:00:00+05:30,224.9
2016-12-07 06:00:00+05:30,226.4
2016-12-07 07:00:00+05:30,220.5
2016-12-07 08:00:00+05:30,212.0
2016-12-07 09:00:00+05:30,217.6
2016-12-07 10:00:00+05:30,238.4
2016-12-07 11:00:00+05:30,278.4
2016-12-07 12:00:00+05:30,406.6
2016-12-07 13:00:00+05:30,366.8
2016-12-07 14:00:00+05:30,303.4
2016-12-07 15:00:00+05:30,249.6
2016-12-07 16:00:00+05:30,249.7
2016-12-07 17:00:00+05:30,
2016-12-07 18:00:00+05:30,183.5
2016-12-07 19:00:00+05:30,201.2
2016-12-07 20:00:00+05:30,224.1
2016-12-07 21:00:00+05:30,283.0
2016-12-07 22:00:00+05:30,290.0
2016-12-07 23:00:00+05:30,279.5
2016-12-08 00:00:00+05:30,274.7
2016-12-08 01:00:00+05:30,278.3
2016-12-08 02:00:00+05:30,276.6
2016-12-08 03:00:00+05:30,270.3
2016-12-08 04:00:00+05:30,258.1
2016-12-08 05:00:00+05:30,256.2
2016-12-08 06:00:00+05:30,251.0
2016-12-08 07:00:00+05:30,242.6
2016-12-08 08:00:00+05:30,231.8
2016-12-08 09:00:00+05:30,224.4
2016-12-08 10:00:00+05:30,231.6
2016-12-08 11:00:00+05:30,297.9
2016-12-08 12:00:00+05:30,356.8
2016-12-08 13:00:00+05:30,411.4
2016-12-08 14:00:00+05:30,373.7
2016-12-08 15:00:00+05:30,270.3
2016-12-08 16:00:00+05:30,209.1
2016-12-08 17:00:00+05:30,181.0
2016-12-08 18:00:00+05:30,176.0
2016-12-08 19:00:00+05:30,175.0
2016-12-08 20:00:00+05:30,183.0
2016-12-08 21:00:00+05:30,211.5
2016-12-08 22:00:00+05:30,231.2
2016-12-08 23:00:00+05:30,257.6
2016-12-09 00:00:00+05:30,276.2
2016-12-09 01:00:00+05:30,289.6
2016-12-09 02:00:00+05:30,294.3
2016-12-09 03:00:00+05:30,278.6
2016-12-09 04:00:00+05:30,242.2
2016-12-09 05:00:00+05:30,215.0
2016-12-09 06:00:00+05:30,199.9
2016-12-09 07:00:00+05:30,202.0
2016-12-09 08:00:00+05:30,211.8
2016-12-09 09:00:00+05:30,229.8
2016-12-09 10:00:00+05:30,249.4
2016-12-09 11:00:00+05:30,263.3
2016-12-09 12:00:00+05:30,270.4
2016-12-09 13:00:00+05:30,258.2
2016-12-09 14:00:00+05:30,186.0
2016-12-09 15:00:00+05:30,146.9
2016-12-09 16:00:00+05:30,141.9
2016-12-09 17:00:00+05:30,148.9
2016-12-09 18:00:00+05:30,164.9
2016-12-09 19:00:00+05:30,184.9
2016-12-09 20:00:00+05:30,207.9
2016-12-09 21:00:00+05:30,251.5
2016-12-09 22:00:00+05:30,309.2
2016-12-09 23:00:00+05:30,323.1
2016-12-10 00:00:00+05:30,309.0
2016-12-10 01:00:00+05:30,287.5
2016-12-10 02:00:00+05:30,266.2
2016-12-10 03:00:00+05:30,251.1
2016-12-10 04:00:00+05:30,244.5
2016-12-10 05:00:00+05:30,218.8
2016-12-10 06:00:00+05:30,192.3
2016-12-10 07:00:00+05:30,166.6
2016-12-10 08:00:00+05:30,157.8
2016-12-10 09:00:00+05:30,149.3
2016-12-10 10:00:00+05:30,157.6
2016-12-10 11:00:00+05:30,185.3
2016-12-10 12:00:00+05:30,208.7
2016-12-10 13:00:00+05:30,207.6
2016-12-10 14:00:00+05:30,210.5
2016-12-10 15:00:00+05:30,213.5
2016-12-10 16:00:00+05:30,214.8
2016-12-10 17:00:00+05:30,217.3
2016-12-10 18:00:00+05:30,218.8
2016-12-10 19:00:00+05:30,226.3
2016-12-10 20:00:00+05:30,239.1
2016-12-10 21:00:00+05:30,238.3
2016-12-10 22:00:00+05:30,230.9
2016-12-10 23:00:00+05:30,227.7
2016-12-11 00:00:00+05:30,220.0
2016-12-11 01:00:00+05:30,212.2
2016-12-11 02:00:00+05:30,218.2
2016-12-11 03:00:00+05:30,223.0
2016-12-11 04:00:00+05:30,217.2
2016-12-11 05:00:00+05:30,216.8
2016-12-11 06:00:00+05:30,203.1
2016-12-11 07:00:00+05:30,194.4
2016-12-11 08:00:00+05:30,184.2
2016-12-11 09:00:00+05:30,181.7
2016-12-11 10:00:00+05:30,190.2
2016-12-11 11:00:00+05:30,202.6
2016-12-11 12:00:00+05:30,205.8
2016-12-11 13:00:00+05:30,194.5
2016-12-11 14:00:00+05:30,189.9
2016-12-11 15:00:00+05:30,154.1
2016-12-11 16:00:00+05:30,146.3
2016-12-11 17:00:00+05:30,137.5
2016-12-11 18:00:00+05:30,137.7
2016-12-11 19:00:00+05:30,158.0
2016-12-11 20:00:00+05:30,160.4
2016-12-11 21:00:00+05:30,168.3
2016-12-11 22:00:00+05:30,180.2
2016-12-11 23:00:00+05:30,185.6
2016-12-12 00:00:00+05:30,192.5
2016-12-12 01:00:00+05:30,222.0
2016-12-12 02:00:00+05:30,231.0
2016-12-12 03:00:00+05:30,227.6
2016-12-12 04:00:00+05:30,220.1
2016-12-12 05:00:00+05:30,212.1
2016-12-12 06:00:00+05:30,222.5
2016-12-12 07:00:00+05:30,231.8
2016-12-12 08:00:00+05:30,239.1
2016-12-12 09:00:00+05:30,244.7
2016-12-12 10:00:00+05:30,255.7
2016-12-12 11:00:00+05:30,255.5
2016-12-12 12:00:00+05:30,222.5
2016-12-12 13:00:00+05:30,157.0
2016-12-12 14:00:00+05:30,113.9
2016-12-12 15:00:00+05:30,85.4
2016-12-12 16:00:00+05:30,68.7
2016-12-12 17:00:00+05:30,61.3
2016-12-12 18:00:00+05:30,67.6
2016-12-12 19:00:00+05:30,74.8
2016-12-12 20:00:00+05:30,99.8
2016-12-12 21:00:00+05:30,119.9
2016-12-12 22:00:00+05:30,137.9
2016-12-12 23:00:00+05:30,150.9
2016-12-13 00:00:00+05:30,155.4
2016-12-13 01:00:00+05:30,192.7
2016-12-13 02:00:00+05:30,212.8
2016-12-13 03:00:00+05:30,223.9
2016-12-13 04:00:00+05:30,222.5
2016-12-13 05:00:00+05:30,228.7
2016-12-13 06:00:00+05:30,225.4
2016-12-13 07:00:00+05:30,223.2
2016-12-13 08:00:00+05:30,226.6
2016-12-13 09:00:00+05:30,246.7
2016-12-13 10:00:00+05:30,241.5
2016-12-13 11:00:00+05:30,241.7
2016-12-13 12:00:00+05:30,207.9
2016-12-13 13:00:00+05:30,137.0
2016-12-13 14:00:00+05:30,112.5
2016-12-13 15:00:00+05:30,94.7
2016-12-13 16:00:00+05:30,88.3
2016-12-13 17:00:00+05:30,87.6
2016-12-13 18:00:00+05:30,84.3
2016-12-13 19:00:00+05:30,89.1
2016-12-13 20:00:00+05:30,123.0
2016-12-13 21:00:00+05:30,134.5
2016-12-13 22:00:00+05:30,147.2
2016-12-13 23:00:00+05:30,161.6
2016-12-14 00:00:00+05:30,169.8
2016-12-14 01:00:00+05:30,159.9
2016-12-14 02:00:00+05:30,150.4
2016-12-14 03:00:00+05:30,145.2
2016-12-14 04:00:00+05:30,145.2
2016-12-14 05:00:00+05:30,
2016-12-14 06:00:00+05:30,172.0
2016-12-14 07:00:00+05:30,169.6
2016-12-14 08:00:00+05:30,173.0
2016-12-14 09:00:00+05:30,177.3
2016-12-14 10:00:00+05:30,175.4
2016-12-14 11:00:00+05:30,168.2
2016-12-14 12:00:00+05:30,159.5
2016-12-14 13:00:00+05:30,150.7
2016-12-14 14:00:00+05:30,118.3
2016-12-14 15:00:00+05:30,95.1
2016-12-14 16:00:00+05:30,78.5
2016-12-14 17:00:00+05:30,78.7
2016-12-14 18:00:00+05:30,82.8
2016-12-14 19:00:00+05:30,92.4
2016-12-14 20:00:00+05:30,124.7
2016-12-14 21:00:00+05:30,161.3
2016-12-14 22:00:00+05:30,187.6
2016-12-14 23:00:00+05:30,185.8
2016-12-15 00:00:00+05:30,190.9
2016-12-15 01:00:00+05:30,197.4
2016-12-15 02:00:00+05:30,189.7
2016-12-15 03:00:00+05:30,193.3
2016-12-15 04:00:00+05:30,199.2
2016-12-15 05:00:00+05:30,197.1
2016-12-15 06:00:00+05:30,193.5
2016-12-15 07:00:00+05:30,199.2
2016-12-15 08:00:00+05:30,204.3
2016-12-15 09:00:00+05:30,207.6
2016-12-15 10:00:00+05:30,197.9
2016-12-15 11:00:00+05:30,166.1
2016-12-15 12:00:00+05:30,146.9
2016-12-15 13:00:00+05:30,119.2
2016-12-15 14:00:00+05:30,94.0
2016-12-15 15:00:00+05:30,75.0
2016-12-15 16:00:00+05:30,62.4
2016-12-15 17:00:00+05:30,55.7
2016-12-15 18:00:00+05:30,60.3
2016-12-15 19:00:00+05:30,83.1
2016-12-15 20:00:00+05:30,127.5
2016-12-15 21:00:00+05:30,134.2
2016-12-15 22:00:00+05:30,144.6
2016-12-15 23:00:00+05:30,156.3
2016-12-16 00:00:00+05:30,176.1
2016-12-16 01:00:00+05:30,179.5
2016-12-16 02:00:00+05:30,166.3
2016-12-16 03:00:00+05:30,155.6
2016-12-16 04:00:00+05:30,152.8
2016-12-16 05:00:00+05:30,152.9
2016-12-16 06:00:00+05:30,149.5
2016-12-16 07:00:00+05:30,140.6
2016-12-16 08:00:00+05:30,136.2
2016-12-16 09:00:00+05:30,144.7
2016-12-16 10:00:00+05:30,160.1
2016-12-16 11:00:00+05:30,170.9
2016-12-16 12:00:00+05:30,168.3
2016-12-16 13:00:00+05:30,155.8
2016-12-16 14:00:00+05:30,122.6
2016-12-16 15:00:00+05:30,107.3
2016-12-16 16:00:00+05:30,103.6
2016-12-16 17:00:00+05:30,99.8
2016-12-16 18:00:00+05:30,109.4
2016-12-16 19:00:00+05:30,123.2
2016-12-16 20:00:00+05:30,148.6
2016-12-16 21:00:00+05:30,180.3
2016-12-16 22:00:00+05:30,211.1
2016-12-16 23:00:00+05:30,232.0
2016-12-17 00:00:00+05:30,244.0
2016-12-17 01:00:00+05:30,242.5
2016-12-17 02:00:00+05:30,242.7
2016-12-17 03:00:00+05:30,241.4
2016-12-17 04:00:00+05:30,236.2
2016-12-17 05:00:00+05:30,229.6
2016-12-17 06:00:00+05:30,237.5
2016-12-17 07:00:00+05:30,248.5
2016-12-17 08:00:00+05:30,249.8
2016-12-17 09:00:00+05:30,262.0
2016-12-17 10:00:00+05:30,269.7
2016-12-17 11:00:00+05:30,269.4
2016-12-17 12:00:00+05:30,258.1
2016-12-17 13:00:00+05:30,251.2
2016-12-17 14:00:00+05:30,241.6
2016-12-17 15:00:00+05:30,212.5
2016-12-17 16:00:00+05:30,177.7
2016-12-17 17:00:00+05:30,153.9
2016-12-17 18:00:00+05:30,158.9
2016-12-17 19:00:00+05:30,157.4
2016-12-17 20:00:00+05:30,166.2
2016-12-17 21:00:00+05:30,215.6
2016-12-17 22:00:00+05:30,264.8
2016-12-17 23:00:00+05:30,301.9
2016-12-18 00:00:00+05:30,313.4
2016-12-18 01:00:00+05:30,302.2
2016-12-18 02:00:00+05:30,264.1
2016-12-18 03:00:00+05:30,227.5
2016-12-18 04:00:00+05:30,195.7
2016-12-18 05:00:00+05:30,213.4
2016-12-18 06:00:00+05:30,235.2
2016-12-18 07:00:00+05:30,285.6
2016-12-18 08:00:00+05:30,292.3
2016-12-18 09:00:00+05:30,299.1
2016-12-18 10:00:00+05:30,303.0
2016-12-18 11:00:00+05:30,286.0
2016-12-18 12:00:00+05:30,236.4
2016-12-18 13:00:00+05:30,212.7
2016-12-18 14:00:00+05:30,181.8
2016-12-18 15:00:00+05:30,154.9
2016-12-18 16:00:00+05:30,137.9
2016-12-18 17:00:00+05:30,133.9
2016-12-18 18:00:00+05:30,136.9
2016-12-18 19:00:00+05:30,155.9
2016-12-18 20:00:00+05:30,182.4
2016-12-18 21:00:00+05:30,232.2
2016-12-18 22:00:00+05:30,274.6
2016-12-18 23:00:00+05:30,298.3
2016-12-19 00:00:00+05:30,312.6
2016-12-19 01:00:00+05:30,321.3
2016-12-19 02:00:00+05:30,322.1
2016-12-19 03:00:00+05:30,306.6
2016-12-19 04:00:00+05:30,291.8
2016-12-19 05:00:00+05:30,274.9
2016-12-19 06:00:00+05:30,255.6
2016-12-19 07:00:00+05:30,252.9
2016-12-19 08:00:00+05:30,251.8
2016-12-19 09:00:00+05:30,261.1
2016-12-19 10:00:00+05:30,281.6
2016-12-19 11:00:00+05:30,294.5
2016-12-19 12:00:00+05:30,277.6
2016-12-19 13:00:00+05:30,263.2
2016-12-19 14:00:00+05:30,204.3
2016-12-19 15:00:00+05:30,160.6
2016-12-19 16:00:00+05:30,139.3
2016-12-19 17:00:00+05:30,128.6
2016-12-19 18:00:00+05:30,139.8
2016-12-19 19:00:00+05:30,169.4
2016-12-19 20:00:00+05:30,209.2
2016-12-19 21:00:00+05:30,242.6
2016-12-19 22:00:00+05:30,249.7
2016-12-19 23:00:00+05:30,244.3
2016-12-20 00:00:00+05:30,233.1
2016-12-20 01:00:00+05:30,213.5
2016-12-20 02:00:00+05:30,189.2
2016-12-20 03:00:00+05:30,172.6
2016-12-20 04:00:00+05:30,165.8
2016-12-20 05:00:00+05:30,164.5
2016-12-20 06:00:00+05:30,164.3
2016-12-20 07:00:00+05:30,176.3
2016-12-20 08:00:00+05:30,186.6
2016-12-20 09:00:00+05:30,189.4
2016-12-20 10:00:00+05:30,190.4
2016-12-20 11:00:00+05:30,185.8
2016-12-20 12:00:00+05:30,177.6
2016-12-20 13:00:00+05:30,150.2
2016-12-20 14:00:00+05:30,124.6
2016-12-20 15:00:00+05:30,108.7
2016-12-20 16:00:00+05:30,97.3
2016-12-20 17:00:00+05:30,101.6
2016-12-20 18:00:00+05:30,100.3
2016-12-20 19:00:00+05:30,115.1
2016-12-20 20:00:00+05:30,144.0
2016-12-20 21:00:00+05:30,144.5
2016-12-20 22:00:00+05:30,127.7
2016-12-20 23:00:00+05:30,121.3
2016-12-21 00:00:00+05:30,114.6
2016-12-21 01:00:00+05:30,116.3
2016-12-21 02:00:00+05:30,123.1
2016-12-21 03:00:00+05:30,119.0
2016-12-21 04:00:00+05:30,123.5
2016-12-21 05:00:00+05:30,122.4
2016-12-21 06:00:00+05:30,122.6
2016-12-21 07:00:00+05:30,126.5
2016-12-21 08:00:00+05:30,135.0
2016-12-21 09:00:00+05:30,144.1
2016-12-21 10:00:00+05:30,144.2
2016-12-21 11:00:00+05:30,139.2
2016-12-21 12:00:00+05:30,131.2
2016-12-21 13:00:00+05:30,120.1
2016-12-21 14:00:00+05:30,107.1
2016-12-21 15:00:00+05:30,85.3
2016-12-21 16:00:00+05:30,79.1
2016-12-21 17:00:00+05:30,76.0
2016-12-21 18:00:00+05:30,78.5
2016-12-21 19:00:00+05:30,89.2
2016-12-21 20:00:00+05:30,111.6
2016-12-21 21:00:00+05:30,128.8
2016-12-21 22:00:00+05:30,145.9
2016-12-21 23:00:00+05:30,152.9
2016-12-22 00:00:00+05:30,158.9
2016-12-22 01:00:00+05:30,159.9
2016-12-22 02:00:00+05:30,148.5
2016-12-22 03:00:00+05:30,141.7
2016-12-22 04:00:00+05:30,138.3
2016-12-22 05:00:00+05:30,136.7
2016-12-22 06:00:00+05:30,134.6
2016-12-22 07:00:00+05:30,138.8
2016-12-22 08:00:00+05:30,156.8
2016-12-22 09:00:00+05:30,173.8
2016-12-22 10:00:00+05:30,183.7
2016-12-22 11:00:00+05:30,178.4
2016-12-22 12:00:00+05:30,175.3
2016-12-22 13:00:00+05:30,217.6
2016-12-22 14:00:00+05:30,170.8
